Phase,Number,Name,Program,Project Manager,Portfolio Category,Gate 1,Gate 2,Gate 3,30% Design,60% Design,90% Design,NTP Issued/Start Con,Project Substantial Completion,Gate 1 (Performance/Reference),Gate 2 (Performance/Reference),Gate 3 (Performance/Reference),30% Design (Performance/Reference),60% Design (Performance/Reference),90% Design (Performance/Reference),NTP Issued/Start Con (Performance/Reference),Project Substantial Completion (Performance/Reference),Schedule Variance
PLANNING,1026798,RSD EMRGNT NEED-EXISTING PRJ,,"Mitchell, Patricia",Quick Response,,,,,,,,12/14/2024,,,,,,,,,
PLANNING,1026799,RSD CIP GRANT CONTIGENCY,,"Mitchell, Patricia",Contingencies,,,,,,,,,,,,,,,,,
OPERATIONS,1026800,RSD CAP PROJ O S FUND 3860,,"Mitchell, Patricia",Administrative,,,,,,,,,,,,,,,,,
PREDESIGN,1027163,RSD QUICK RESPONSE,RSD QUICK RESPONSE,"Mitchell, Patricia",Contingencies,,,,,,,,,,,,,,,,,
IMPLEMENT,1111819,RSD C W DRAINAGE PRESERVATION,RSD C W DRAINAGE PRESERVATION,"Shular, Ryan",Drainage,,,,,,,,,,,,,,,,,
OPERATIONS,1114792,RSD ROADS-COUNTY ROAD CONST,,"Mitchell, Patricia",Administrative,,,,,,,,,,,,,,,,,
CLOSEOUT,1116885,RSD WOODINVILLE DUVALL ITS,,"McManus, Aileen",Traffic Control,,,,,,,,5/4/2017,,,,,,,,,
CLOSEOUT,1124986,RSD CW HRRRP,RSD CW HRRRP,,Roadway,,,,,,,,,,,,,,,,,
IMPLEMENT,1125758,RSD W SNOQ VLY RD/NE124-W/D RD,,"Shular, Ryan",Roadway,11/8/2018,5/14/2019,,1/18/2019,3/1/2019,3/25/2019,9/1/2020,10/1/2020,,,,,,,,,
DESIGN,1127271,RSD PRESTON MAINT FACILITY,,"Sugui, Rey",Maintenance Facilities,,,12/31/2022,12/31/2022,,,,,,,1/31/2020,1/31/2020,,,,,
IMPLEMENT,1127273,RSD FAILED ENV & HVAC REHAB,,"Knauer, Jennifer",Maintenance Facilities,11/3/2016,1/10/2017,4/20/2017,3/31/2017,9/16/2017,8/22/2018,2/16/2020,12/30/2022,11/3/2016,1/10/2017,4/20/2017,3/31/2017,9/16/2017,8/22/2018,2/16/2020,12/31/2021,0.00%
DESIGN,1127589,RSD 165 ST FLD RSK RDUCTN,RSD C W DRAINAGE PRESERVATION,"Karinen, Martin",Drainage,3/3/2016,8/5/2016,2/28/2022,8/5/2016,10/27/2016,4/14/2017,,10/15/2024,3/3/2016,8/5/2016,8/5/2016,8/5/2016,10/27/2016,4/14/2017,,10/3/2021,
CLOSEOUT,1127590,RSD 212 AV SE FLD RSK RDUCTN,RSD C W DRAINAGE PRESERVATION,"Bleasdale, Don",Drainage,3/2/2016,1/4/2016,,1/4/2016,,,,11/15/2018,,,,,,,,,
IMPLEMENT,1129582,RSD EMERGENT NEED 3855,,"Foote, Mark",Administrative,,,,,,,,,,,,,,,,,
IMPLEMENT,1129583,RSD GRANT CONTINGENCY 3855,,"Foote, Mark",Administrative,,,,,,,,12/31/2020,,,,,,,,,
IMPLEMENT,1129584,RSD CWP QUICK RESPONSE,RSD CWP QUICK RESPONSE,"Mitchell, Patricia",Roadside,,,,,,,,12/31/2020,,,,,,,,12/31/2020,
IMPLEMENT,1129585,RSD CWP ROADWAY PRESERVATION,RSD CWP ROADWAY PRESERVATION,"Moore, Paul",Roadway,,,,,,,,,,,,,,,,,
IMPLEMENT,1129586,RSD CWP DRAINAGE PRESERVATION,RSD CWP DRAINAGE PRESERVATION,"Shular, Ryan",Drainage,,,1/8/2019,1/8/2019,,,,12/31/2018,,,1/8/2019,1/8/2019,,,,12/31/2018,
PLANNING,1129587,RSD CWP GUARDRAIL PRESERVATION,RSD CWP GUARDRAIL PRESERVATION,"Mott, Linda",Roadside,8/2/2017,8/2/2017,,,,,,,8/2/2017,8/2/2017,,,,,,,
IMPLEMENT,1129588,RSD CWP BRIDGE PRIORITY MAINT,RSD CWP BRIDGE PRIORITY MAINT,"Roark, Ben",Bridges & Structures,,,,,,,,12/31/2020,,,6/9/2020,7/7/2020,,,,12/31/2020,
IMPLEMENT,1129590,RSD CWP HIGH COLLISION SAFETY,RSD CWP HIGH COLLISION SAFETY,"Mott, Linda",Traffic Control,,,,11/15/2018,,,,,,,,11/15/2018,,,,,
IMPLEMENT,1129591,RSD CWP SCHOOL ZONE SAFETY,RSD CWP SCHOOL ZONE SAFETY,"Hafele, Brendan",Traffic Control,,,,3/1/2018,,,,12/31/2020,,,,3/1/2018,,,,12/31/2020,
IMPLEMENT,1129592,RSD EMERGENT NEED 3865,,"Foote, Mark",Administrative,,,,,,,,,,,,,,,,,
IMPLEMENT,1129593,RSD GRANT CONTINGENCY 3865,,"Foote, Mark",Administrative,,,,,,,,12/31/2020,,,,,,,,,
PLANNING,1129594,RSD CWP GUARDRAIL CONSTRUCTION,RSD CWP GUARDRAIL CONSTRUCTION,"Mott, Linda",Roadside,1/30/2018,5/1/2017,6/30/2017,6/30/2017,,,,,1/30/2018,5/1/2017,6/30/2017,6/30/2017,,,,,
DESIGN,1129595,RSD OLD CASCADE/MILLER BR WEST,,"Lyou, John",Bridges & Structures,4/24/2017,8/30/2017,12/19/2017,10/30/2017,3/30/2018,12/16/2020,7/11/2022,10/14/2022,4/24/2017,8/30/2017,12/19/2017,10/30/2017,3/30/2018,12/16/2020,6/1/2022,10/14/2022,135.29%
DESIGN,1129596,RSD OLD CASCADE/MILLER BR EAST,,"Lyou, John",Bridges & Structures,4/24/2017,8/30/2017,12/21/2017,10/30/2017,3/30/2018,12/16/2020,7/11/2022,10/14/2022,4/24/2017,8/30/2017,12/21/2017,10/30/2017,3/30/2018,12/16/2020,6/1/2022,10/14/2022,135.03%
PREDESIGN,1129598,RSD ISS HBRT RD@MAY VLLY IMPRV,,"Wang, Jun",Roadway,2/19/2019,4/30/2022,1/30/2023,10/23/2022,11/30/2022,6/6/2023,6/19/2024,9/11/2024,2/19/2019,12/31/2020,6/30/2021,2/23/2021,7/22/2021,1/6/2022,6/19/2023,9/11/2023,
DESIGN,1129599,RSD RENTON AVE PH III SIDEWALK,,"Linders, Jon",Roadside,5/10/2018,2/15/2019,1/29/2019,11/15/2018,3/5/2019,5/23/2019,6/14/2022,9/8/2022,,,1/29/2019,11/15/2018,3/5/2019,5/23/2019,6/14/2022,9/8/2022,56.76%
IMPLEMENT,1129714,RSD NE STILLWATER HILL RD,RSD CWP ROADWAY PRESERVATION,"Linders, Jon",Roadway,2/14/2019,3/4/2019,5/30/2019,5/30/2019,8/15/2019,10/10/2019,7/19/2021,10/19/2021,2/14/2019,3/4/2019,5/30/2019,5/30/2019,8/15/2019,10/10/2019,7/19/2021,11/24/2021,2.94%
IMPLEMENT,1129716,RSD DIVISION 1 DRAINAGE,RSD CWP DRAINAGE PRESERVATION,"Quach, Dieu",Drainage,,,,,,,,,,,,,,,,,
IMPLEMENT,1129717,RSD DIVISION 2 DRAINAGE,RSD CWP DRAINAGE PRESERVATION,"Quach, Dieu",Drainage,,,,,,,,,,,,,,,,,
IMPLEMENT,1129718,RSD DIVISION 3 DRAINAGE,RSD CWP DRAINAGE PRESERVATION,"Quach, Dieu",Drainage,,,,,,,,,,,,,,,,,
IMPLEMENT,1129720,RSD DIVISION 4 DRAINAGE,RSD CWP DRAINAGE PRESERVATION,"Quach, Dieu",Drainage,,,,,,,,,,,,,,,,,
IMPLEMENT,1129721,RSD DIVISION 5 DRAINAGE,RSD CWP DRAINAGE PRESERVATION,"Quach, Dieu",Drainage,,,,,,,,,,,,,,,,,
IMPLEMENT,1129722,RSD DIVISION 6 DRAINAGE,RSD CWP DRAINAGE PRESERVATION,"Quach, Dieu",Drainage,,,,,,,,,,,,,,,,,
IMPLEMENT,1129723,RSD DIVISION 1 SHOULDERING,RSD CWP DRAINAGE PRESERVATION,"Quach, Dieu",Drainage,,,,,,,,,,,,,,,,,
IMPLEMENT,1129724,RSD DIVISION 2 SHOULDERING,RSD CWP DRAINAGE PRESERVATION,"Quach, Dieu",Drainage,,,,,,,,,,,,,,,,,
IMPLEMENT,1129725,RSD DIVISION 3 SHOULDERING,RSD CWP DRAINAGE PRESERVATION,"Quach, Dieu",Drainage,,,,,,,,,,,,,,,,,
IMPLEMENT,1129726,RSD DIVISION 4 SHOULDERING,RSD CWP DRAINAGE PRESERVATION,"Quach, Dieu",Drainage,,,,,,,,,,,,,,,,,
IMPLEMENT,1129727,RSD DIVISION 5 SHOULDERING,RSD CWP DRAINAGE PRESERVATION,"Quach, Dieu",Drainage,,,,,,,,,,,,,,,,,
IMPLEMENT,1129728,RSD DIVISION 6 SHOULDERING,RSD CWP DRAINAGE PRESERVATION,"Quach, Dieu",Drainage,,,,,,,,,,,,,,,,,
IMPLEMENT,1129841,RSD CIP OVERSIGHT 3855,,"Foote, Mark",Administrative,,,,,,,,,,,,,,,,,
IMPLEMENT,1130303,RSD CIP OVERSIGHT 3865,,"Foote, Mark",Administrative,,,,,,,,,,,,,,,,,
PLANNING,1130705,RSD FC SNQ VLY MJR FL MIT STDY,RSD CWP FLOOD CONTROL DISTRICT,"Truong, Trinh",Drainage,4/22/2021,4/1/2022,7/30/2022,7/1/2022,,,,,4/22/2021,4/1/2022,7/30/2022,7/1/2022,,,,,
PLANNING,1130706,RSD FC NE8ST@ALLEN LAKE OUTLET,RSD CWP FLOOD CONTROL DISTRICT,"Lyou, John",Drainage,12/19/2020,2/1/2022,4/29/2022,3/25/2022,,,,,12/19/2020,2/1/2022,4/29/2022,3/25/2022,,,,,
IMPLEMENT,1130707,RSD FC 162 AVE SE @ SE 166 CT,RSD CWP FLOOD CONTROL DISTRICT,"Lyou, John",Drainage,4/14/2017,12/15/2017,2/26/2018,2/12/2018,1/30/2019,4/7/2020,8/19/2020,11/6/2020,4/14/2017,12/15/2017,2/26/2018,2/12/2018,1/30/2019,4/7/2020,8/19/2020,11/6/2020,5.19%
CLOSEOUT,1130708,RSD FC DAVID POWELL RD RPR,RSD CWP FLOOD CONTROL DISTRICT,"Lyou, John",Drainage,4/3/2017,6/23/2017,7/4/2018,7/24/2017,10/25/2017,4/24/2018,7/3/2019,11/22/2019,4/3/2017,6/23/2017,7/4/2018,7/24/2017,10/25/2017,4/24/2018,7/3/2019,11/22/2019,-3.95%
DESIGN,1130710,RSD FC 380 PL @SR-164 CDR,RSD CWP FLOOD CONTROL DISTRICT,"Lyou, John",Drainage,3/29/2018,1/24/2020,9/8/2020,7/16/2020,2/24/2021,2/18/2022,6/30/2022,10/28/2022,3/29/2018,1/24/2020,9/8/2020,7/16/2020,2/24/2021,10/22/2021,6/1/2022,10/28/2022,87.50%
CLOSEOUT,1130962,RSD BLK DMND-RVNSDL RD SLD RPR,RSD QUICK RESPONSE,"Shular, Ryan",Contingencies,,,,,,,,9/28/2018,,,,,,,,,
CLOSEOUT,1131132,RSD 2017-18 NEW GRDL CONSTRUCT,RSD CWP GUARDRAIL CONSTRUCTION,"Bleasdale, Don",Roadside,1/30/2018,7/28/2017,7/31/2017,7/31/2017,,,5/14/2018,9/20/2018,,,,,,,,,47.50%
DESIGN,1131157,RSD HGH COLLSN SIGHTLINE IMPV,RSD CWP HIGH COLLISION SAFETY,"Karinen, Martin",Traffic Control,,11/16/2017,12/12/2020,2/28/2019,7/15/2020,10/15/2020,5/28/2022,8/28/2022,,11/16/2017,12/12/2020,2/28/2019,7/15/2020,10/15/2020,9/28/2021,10/28/2021,22.14%
IMPLEMENT,1131162,RSD HGH COLLSN SIGNAL MOD,RSD CWP HIGH COLLISION SAFETY,"Zhen, Haiyan",Traffic Control,,,,,,,,,,,,,,,,,
CLOSEOUT,1131163,RSD HGH FRICTION SURF TMT,RSD CWP HIGH COLLISION SAFETY,"Sahagun, Dan",Traffic Control,,,12/20/2017,5/23/2017,,,8/1/2018,11/15/2018,,,12/20/2017,5/23/2017,,,8/1/2018,11/15/2018,-32.16%
DESIGN,1131235,RSD S 360ST&MILITARY RD RNDABT,,"Karinen, Martin",Traffic Control,,12/6/2019,10/15/2021,9/23/2020,4/8/2021,2/15/2022,4/28/2024,6/11/2021,,12/6/2019,2/23/2021,9/23/2020,4/8/2021,9/3/2021,9/14/2023,6/11/2021,
HOLD,1131236,RSD S LANGSTON RD&59 AV RNDABT,,"McManus, Aileen",Traffic Control,,,,,,,,,,,,,,,,,
IMPLEMENT,1131333,RSD CWP FLOOD CONTROL DISTRICT,RSD CWP FLOOD CONTROL DISTRICT,"Lyou, John",Drainage,,,,,,,,1/31/2020,,,,,,,,1/31/2020,
CLOSEOUT,1131387,RSD 2017 CW PVMNT PRESERVATION,RSD CWP ROADWAY PRESERVATION,"Moore, Paul",Roadway,,,3/24/2017,,,,,10/9/2018,,,,,,,,,10.98%
CLOSEOUT,1131508,RSD DIV 4 FACLTY IMPRVMT 17-18,RSD FACIL PRESERVATION C/WIDE,"Kosai-Eng, Joann",Maintenance Facilities,,,,,,,,,,,,,,,,,
DESIGN,1131511,RSD SAHALEE WY NE 46000 BLK,RSD CWP DRAINAGE PRESERVATION,"Dulan, Lica",Drainage,11/8/2018,7/16/2019,11/30/2017,7/27/2017,11/20/2017,1/10/2018,8/1/2022,10/1/2022,11/8/2018,7/16/2019,11/30/2017,7/27/2017,11/20/2017,1/10/2018,8/15/2021,10/1/2021,
DESIGN,1131526,RSD SE PTRVSKY & 134 A SE,RSD CWP DRAINAGE PRESERVATION,"Mitchell, Mark C.",Drainage,9/17/2018,8/21/2018,1/6/2020,8/2/2018,8/16/2019,4/15/2020,3/1/2023,10/15/2024,9/17/2018,8/21/2018,1/6/2020,8/2/2018,8/16/2019,9/1/2021,3/1/2023,10/2/2023,
IMPLEMENT,1131557,RSD 17-18 SCHOOL ZONE SAFETY,RSD CWP SCHOOL ZONE SAFETY,"Brown, Keith",Traffic Control,,,,,,,,,,,,,,,,,
IMPLEMENT,1131582,RSD NE WD/DVL CULVERT REPL,RSD QUICK RESPONSE,"Shular, Ryan",Contingencies,,,9/27/2017,,,,,10/11/2017,,,,,,,,,
DESIGN,1131671,RSD SE PTRVSKY @ 151ST  A SE,RSD CWP DRAINAGE PRESERVATION,"Mitchell, Mark C.",Drainage,9/17/2018,5/21/2018,6/19/2019,5/21/2018,8/16/2019,4/30/2020,2/1/2024,4/15/2024,9/17/2018,5/21/2018,6/19/2019,5/21/2018,8/16/2019,7/15/2021,2/1/2024,4/15/2024,
DESIGN,1131672,RSD SE PTRVSKY @20300BLK,RSD CWP DRAINAGE PRESERVATION,"Mitchell, Mark C.",Drainage,9/17/2018,5/21/2018,5/15/2020,5/21/2018,8/16/2019,4/30/2020,2/1/2024,9/1/2020,9/17/2018,5/21/2018,5/15/2020,5/21/2018,8/16/2019,9/1/2021,2/1/2024,9/1/2020,
CLOSEOUT,1131693,RSD UNION HILL@225 BOXCULVRT,RSD CWP DRAINAGE PRESERVATION,"Truong, Trinh",Drainage,,,7/26/2017,,,,,9/12/2017,,,7/26/2017,,,,,9/12/2017,
PLANNING,1132446,RSD S LANGSTN RD@132ST DRG IMP,RSD CWP DRAINAGE PRESERVATION,"Shular, Ryan",Drainage,9/15/2020,10/1/2020,10/9/2020,10/8/2020,,,,12/31/2021,9/15/2020,10/1/2020,10/9/2020,10/8/2020,,,,12/31/2021,
PREDESIGN,1132448,RSD SW 108ST@10 AVE SW DRG IMP,RSD CWP DRAINAGE PRESERVATION,"Shular, Ryan",Drainage,,,,,,,,,,,,,,,,,
DESIGN,1132450,RSD 177 AVE SE DRG IMP,RSD CWP DRAINAGE PRESERVATION,"Shular, Ryan",Drainage,,,,,,,,12/31/2018,,,,,,,,,
PREDESIGN,1132523,RSD GREEN RVR RD S28728 DR IMP,RSD CWP DRAINAGE PRESERVATION,"Shular, Ryan",Drainage,5/24/2019,6/14/2019,,8/21/2017,,,,,,,,,,,,,
DESIGN,1132710,RSD DRAIN IMP SAHALEE-4800,RSD CWP DRAINAGE PRESERVATION,"Dulan, Lica",Drainage,11/8/2018,4/16/2018,5/1/2018,4/27/2018,7/2/2018,12/21/2018,6/1/2022,8/1/2020,11/8/2018,4/16/2018,5/1/2018,4/27/2018,7/2/2018,12/21/2018,6/1/2022,8/1/2020,
CLOSEOUT,1132958,RSD 15 MILE BRDG #1384A LOAD,RSD QUICK RESPONSE,"Martin, TingTing",Contingencies,,,,,,,,6/13/2018,,,,,,,,,
CLOSEOUT,1133219,RSD VASHON HWY SW PAVE PRES,RSD CWP ROADWAY PRESERVATION,"Daggs, Victor",Roadway,,,4/5/2018,,,,,10/10/2018,,,4/5/2018,,,,,10/10/2018,58.88%
CLOSEOUT,1133220,RSD 2018 CNTYWDE PAVE PRES,RSD CWP ROADWAY PRESERVATION,"Moore, Paul",Roadway,,1/1/2018,1/1/2018,1/1/2018,,,8/13/2018,9/4/2019,,,,,,,,,-4.08%
CLOSEOUT,1133413,RSD SE SAWYER RDG OVERLAY,RSD CW ROADWAY PRESERVATION,"Moore, Paul",Roadway,,,,,,,,12/31/2018,,,,,,,,,
CLOSEOUT,1133440,RSD MOUNT VIEW RD REPAIR,RSD CWP QUICK RESPONSE,"Shular, Ryan",Roadside,,,,,,,,,,,,,,,,,
CLOSEOUT,1133757,RSD 2018 BITUM SURF TREATMENT,RSD CWP ROADWAY PRESERVATION,"Moore, Paul",Roadway,,1/1/2018,1/1/2018,1/1/2018,,,8/13/2018,9/14/2019,,,,,,,,,-2.51%
CLOSEOUT,1133864,RSD NE NVLTY HILL RD TRAIL,RSD CWP QUICK RESPONSE,"Sahagun, Dan",Roadside,,,,1/22/2018,,,,,,,,,,,,,
PLANNING,1134079,RSD KENTKANGLEY LNDSBRG RNDABT,,"Linders, Jon",Traffic Control,1/3/2020,9/21/2023,10/25/2023,10/11/2023,,,,9/12/2022,1/3/2020,,,,,,,9/12/2022,
PLANNING,1134080,RSD WDDUV SNOQ VALLEY IMPROVE,,"Linders, Jon",Roadway,9/14/2022,9/21/2023,10/25/2023,10/11/2023,,,,9/20/2022,9/14/2022,9/21/2023,10/25/2023,10/11/2023,,,,9/20/2022,
DESIGN,1134081,RSD REDMOND RIDGE DR NE RNDABT,,"Karinen, Martin",Traffic Control,2/13/2019,,11/6/2019,6/19/2019,8/29/2019,11/6/2019,7/6/2022,10/1/2022,2/13/2019,,11/6/2019,6/19/2019,8/29/2019,11/6/2019,5/6/2022,8/1/2022,156.15%
IMPLEMENT,1134082,RSD FACILITIES LED CONVERSION,,"Kosai-Eng, Joann",Maintenance Facilities,,,3/15/2019,,,,,,,,3/15/2019,,,,,,
PREDESIGN,1134083,RSD COVINGTON WAY SE IMPROVE,,"Linders, Jon",Roadway,8/17/2020,6/21/2021,,,,,,,8/17/2020,6/21/2021,,,,,,,
IMPLEMENT,1134093,RSD CWP TRAFFIC SAFETY,RSD CWP TRAFFIC SAFETY,"Brown, Keith",Traffic Control,,,,,,,,,,,,,,,,,
LAND,1135042,RSD VASHON MAINT FACILITY REPL,,"Kosai-Eng, Joann",Maintenance Facilities,,,,,,,,,,,,,,,,,
LAND,1135043,RSD NE MAINT FACILITY REPL,,"Kosai-Eng, Joann",Maintenance Facilities,,,,,,,,,,,,,,,,,
PLANNING,1135044,RSD PRSTN MAINT FACILTY BLDOUT,,"Kosai-Eng, Joann",Maintenance Facilities,,,,,,,,,,,,,,,,,
IMPLEMENT,1135045,RSD CWP CLVRT RPLCMT FISH PASS,RSD CWP CLVRT RPLCMT FISH PASS,"Cassidy, Jon",Drainage,,,,,,,,,,,,,,,,,
DESIGN,1135046,RSD MAINT HDQTRS BLDG D REHAB,,"Ho, Alex",Maintenance Facilities,11/3/2016,1/10/2017,6/12/2017,3/3/2017,7/17/2017,10/27/2017,1/5/2020,12/31/2021,11/3/2016,1/10/2017,6/12/2017,3/3/2017,7/17/2017,10/27/2017,1/5/2020,12/31/2021,-3.09%
IMPLEMENT,1135073,RSD CWP 2019-20 BRIDGE SAFETY,RSD CWP 2019-20 BRIDGE SAFETY,"Truong, Trinh",Bridges & Structures,,,,,,,,12/31/2026,,,,,,,,,
IMPLEMENT,1135997,RSD COAL CREEK BRG 3035A REPL,,"Martin, TingTing",Bridges & Structures,10/12/2018,6/10/2019,11/18/2020,7/15/2019,3/25/2020,9/14/2020,9/24/2021,12/30/2022,10/12/2018,6/10/2019,11/18/2020,7/15/2019,3/25/2020,9/14/2020,7/19/2021,3/31/2022,6.64%
DESIGN,1135998,RSD AMES LK TRS BRG 1320A REPL,,"Truong, Trinh",Bridges & Structures,6/21/2019,6/23/2020,3/3/2021,10/15/2020,6/8/2021,3/8/2022,6/6/2023,7/30/2024,6/21/2019,6/23/2020,3/3/2021,10/15/2020,6/16/2021,2/3/2022,6/6/2023,7/30/2024,0.00%
DESIGN,1135999,RSD UPR TOKUL CK BRG 271B REPL,,"Martin, TingTing",Bridges & Structures,1/9/2019,5/8/2020,4/1/2021,5/28/2020,1/14/2021,8/19/2021,4/25/2022,1/31/2023,1/9/2019,5/8/2020,4/1/2021,5/28/2020,1/14/2021,8/20/2021,4/25/2022,1/31/2023,0.00%
DESIGN,1136000,RSD BARING BRG 509A REPL,,"Truong, Trinh",Bridges & Structures,7/18/2018,3/6/2019,1/3/2022,7/16/2019,12/1/2020,6/6/2022,4/26/2024,11/24/2025,7/18/2018,3/6/2019,4/30/2021,7/16/2019,12/25/2020,6/6/2022,4/26/2024,11/24/2025,
IMPLEMENT,1136001,RSD 277TH ST BRG 3126 REPL,,"Premachandra, Hiromal",Bridges & Structures,1/9/2019,2/4/2020,12/18/2020,2/25/2020,5/18/2020,8/20/2020,7/23/2021,11/19/2021,1/9/2019,2/4/2020,12/18/2020,2/25/2020,5/18/2020,8/20/2020,7/6/2021,11/9/2021,3.06%
CLOSEOUT,1136084,RSD 2019-20 NEW GRDRAIL CONST,RSD CWP GUARDRAIL CONSTRUCTION,"Mott, Linda",Roadside,1/22/2019,,7/1/2019,9/11/2019,8/30/2019,10/31/2019,8/26/2020,1/20/2021,1/22/2019,,7/1/2019,9/11/2019,8/30/2019,10/31/2019,8/26/2020,1/20/2021,9.85%
IMPLEMENT,1136085,RSD 2019-20 GUARDRAIL PRESRVTN,RSD CWP GUARDRAIL PRESERVATION,"Mott, Linda",Roadside,1/22/2019,,11/18/2019,,,5/14/2020,1/4/2021,7/30/2021,1/22/2019,,11/18/2019,,,5/14/2020,1/4/2021,7/30/2021,10.71%
DESIGN,1136086,RSD 218TH AV SE RECONSTRUCTION,RSD CWP ROADWAY PRESERVATION,"Linders, Jon",Roadway,1/22/2019,2/19/2019,9/24/2021,2/20/2020,9/17/2020,3/2/2021,5/16/2022,10/10/2022,1/22/2019,,7/5/2021,2/20/2020,9/17/2020,3/2/2021,3/25/2022,9/30/2021,0.00%
DESIGN,1136228,RSD PET RD AT 134TH CULVERT,,"Mitchell, Mark C.",Drainage,,,,,,,,,,,,,,,,,
PREDESIGN,1136229,RSD 180TH AT 408TH CULVERT,RSD CWP CLVRT RPLCMT FISH PASS,"Mitchell, Mark C.",Drainage,1/20/2020,1/31/2022,3/15/2022,2/28/2022,6/15/2022,9/15/2022,,,1/20/2020,8/6/2021,8/20/2021,8/13/2021,10/15/2021,12/31/2021,,,
PLANNING,1136230,RSD FAIRWOOD E OF 151 CULVERT,RSD CWP CLVRT RPLCMT FISH PASS,"Cassidy, Jon",Drainage,,,,,,,,,,,,,,,,,
PREDESIGN,1136231,RSD 185TH AT 179TH CULVERT,RSD CWP CLVRT RPLCMT FISH PASS,"Mitchell, Mark C.",Drainage,4/6/2020,1/17/2022,1/31/2022,1/28/2022,1/14/2022,4/4/2022,6/16/2031,9/17/2131,4/6/2020,7/16/2021,7/30/2021,7/26/2021,9/30/2021,11/5/2021,,,
DESIGN,1136232,RSD 18430 NE 128TH WY CULVERT,RSD CWP CLVRT RPLCMT FISH PASS,"Mitchell, Mark C.",Drainage,4/13/2020,10/22/2020,7/14/2021,5/26/2020,10/22/2020,6/7/2021,,,4/13/2020,10/22/2020,7/15/2021,5/26/2020,10/22/2020,6/7/2021,,,
DESIGN,1136233,RSD LAKE JOY AT 118TH CULVERT,RSD CWP CLVRT RPLCMT FISH PASS,"Quach, Dieu",Drainage,9/27/2019,9/13/2019,1/31/2022,9/13/2019,12/10/2019,4/14/2021,7/19/2021,9/30/2021,9/27/2019,9/13/2019,7/30/2021,9/13/2019,12/10/2019,4/14/2021,7/12/2022,10/17/2022,
PREDESIGN,1136234,RSD WD DUV AT 172ND CULVERT,,"Wang, Jun",Drainage,9/4/2020,11/18/2020,2/25/2022,7/1/2021,1/28/2022,3/25/2022,6/20/2022,8/26/2022,9/4/2020,11/18/2020,7/30/2021,7/1/2021,8/13/2021,11/5/2021,6/6/2022,8/26/2022,
DESIGN,1136235,RSD AVONDALE AND 144TH CULVERT,RSD CWP CLVRT RPLCMT FISH PASS,"Mitchell, Mark C.",Drainage,4/16/2020,7/16/2020,4/12/2021,9/15/2020,9/30/2020,5/18/2021,,,4/16/2020,7/16/2020,4/12/2021,9/15/2020,9/30/2020,5/18/2021,,,
DESIGN,1136236,RSD 165TH AND 176TH CULVERT,RSD CWP CLVRT RPLCMT FISH PASS,"Mitchell, Mark C.",Drainage,4/6/2020,10/22/2020,7/14/2021,7/15/2020,10/9/2020,5/25/2021,,,4/6/2020,10/22/2020,7/15/2021,7/15/2020,10/9/2020,5/25/2021,,,
PREDESIGN,1136237,RSD S 370TH ST CULVERT,RSD CWP CLVRT RPLCMT FISH PASS,"Lyou, John",Drainage,4/6/2020,1/22/2021,7/29/2022,6/30/2022,9/30/2022,11/30/2022,7/7/2031,9/30/2031,4/6/2020,1/22/2021,8/20/2021,7/16/2021,9/30/2021,10/29/2021,7/7/2031,9/30/2031,
DESIGN,1136238,RSD 33609 NE 24TH ST CULVERT,RSD CWP CLVRT RPLCMT FISH PASS,"Quach, Dieu",Drainage,1/29/2021,1/31/2022,1/31/2022,3/30/2021,5/31/2021,1/31/2022,7/5/2023,8/30/2023,1/29/2021,7/30/2021,8/31/2021,3/30/2021,5/31/2021,9/30/2021,7/7/2031,8/30/2031,
PLANNING,1136239,RSD 317TH AND THOMAS CULVERT,RSD CWP CLVRT RPLCMT FISH PASS,"Shular, Ryan",Drainage,1/31/2022,3/31/2022,3/31/2022,1/31/2022,7/1/2022,10/1/2022,,,7/30/2021,7/30/2021,8/31/2021,7/30/2021,10/2/2021,11/20/2021,,,
IMPLEMENT,1136241,RSD 28278 GREEN RVR RD CULVERT,RSD CWP CLVRT RPLCMT FISH PASS,"Shular, Ryan",Drainage,8/20/2018,8/27/2018,3/31/2020,2/28/2019,,,7/13/2020,8/27/2020,8/20/2018,8/27/2018,3/31/2020,2/28/2019,,,7/13/2020,8/27/2020,
IMPLEMENT,1136351,RSD CURB RAMP REPLACEMENT 3855,RSD CWP ROADWAY PRESERVATION,"Daggs, Victor",Roadway,,,,,,,,8/31/2019,,,,,,,,8/31/2019,
IMPLEMENT,1136352,RSD 2019 CNTYWDE PAVE PRES,RSD CWP ROADWAY PRESERVATION,"Daggs, Victor",Roadway,1/9/2019,,4/19/2019,1/9/2019,2/19/2019,3/19/2019,7/3/2019,7/2/2020,1/9/2019,,4/19/2019,1/9/2019,2/19/2019,3/19/2019,7/3/2019,7/2/2020,0.45%
DESIGN,1136419,RSD SE 432ND ST CULVERT,RSD CWP CLVRT RPLCMT FISH PASS,"Dulan, Lica",Drainage,2/1/2019,11/18/2020,1/31/2022,11/18/2020,3/1/2020,12/12/2020,12/31/2031,12/31/2032,2/1/2019,11/18/2020,7/15/2021,11/18/2020,3/1/2020,12/12/2020,12/31/2031,12/31/2032,
DESIGN,1136580,RSD S 360TH ST SCHOOL PTHWY,RSD CWP SCHOOL ZONE SAFETY,"Karinen, Martin",Traffic Control,3/18/2019,6/9/2020,12/12/2020,8/2/2019,7/15/2020,10/15/2020,5/28/2022,8/28/2022,3/18/2019,6/9/2020,12/12/2020,8/2/2019,7/15/2020,10/15/2020,9/28/2021,10/28/2021,22.14%
DESIGN,1136582,RSD S 298TH ST SCHOOL PTHWY,RSD CWP SCHOOL ZONE SAFETY,"McManus, Aileen",Traffic Control,3/18/2019,,8/2/2019,8/1/2019,,1/9/2020,9/29/2020,12/14/2020,3/18/2019,,8/2/2019,8/1/2019,,1/9/2020,9/29/2020,12/14/2020,
CLOSEOUT,1136631,RSD JUDD CK BRD 3184 RPR,RSD CWP QUICK RESPONSE,"O'Day, Jamie",Roadside,,,,3/30/2020,,5/27/2020,,12/1/2020,,,,3/30/2020,,5/27/2020,,12/1/2020,
DESIGN,1136633,RSD PATTON BRD 3015 BKT RPR,RSD CWP QUICK RESPONSE,"Jiang, Stephen",Roadside,,,,2/17/2020,4/23/2020,5/21/2020,2/15/2021,5/4/2021,,,,2/17/2020,4/23/2020,5/21/2020,2/15/2021,5/4/2021,
CLOSEOUT,1136646,RSD 42ND AVE S SCHOOL PTHWY,RSD CWP SCHOOL ZONE SAFETY,"McManus, Aileen",Traffic Control,3/18/2019,,8/1/2019,8/1/2019,,12/24/2019,9/29/2020,12/14/2020,3/18/2019,,8/1/2019,8/1/2019,,12/24/2019,9/29/2020,12/14/2020,
IMPLEMENT,1136709,RSD TRAFFIC CALMING,RSD CWP TRAFFIC SAFETY,"Mott, Linda",Traffic Control,3/18/2019,,12/2/2019,12/1/2019,,,5/12/2021,7/30/2021,3/18/2019,,12/2/2019,12/1/2019,,,5/12/2021,7/30/2021,
IMPLEMENT,1136711,RSD ROADWAY LIGHTING,RSD CWP TRAFFIC SAFETY,"Mott, Linda",Traffic Control,2/15/2019,,,,,,,9/30/2021,2/15/2019,,,,,,,9/30/2021,
PLANNING,1136712,RSD RADAR SPEED SIGNS,RSD CWP TRAFFIC SAFETY,"Kunihiro, Lisa",Traffic Control,,,,,,,,,,,,,,,,,
IMPLEMENT,1136715,RSD LEFT TURN PHASING,RSD CWP TRAFFIC SAFETY,"Zhen, Haiyan",Traffic Control,3/18/2019,,,,,,,12/31/2021,3/18/2019,,,,,,,12/31/2021,
IMPLEMENT,1136716,RSD TRANSVERSE RUMBLE SIGNS,RSD CWP TRAFFIC SAFETY,"Mott, Linda",Traffic Control,3/18/2019,,,12/20/2019,,,5/12/2021,7/30/2021,3/18/2019,,,12/20/2019,,,5/12/2021,7/30/2021,
PLANNING,1136931,RSD SCALE DBASE RPLCMNT,RSD CWP OBSOLETE IT SYS RPLMNT,"Crippen, Mike",Administrative,,,,,,,,,,,,,,,,,
PLANNING,1136932,RSD BIZDOC MAP VLT RPLCMNT,RSD CWP OBSOLETE IT SYS RPLMNT,"Crippen, Mike",Administrative,,,,,,,,,,,,,,,,,
PLANNING,1136933,RSD CUTRL RES DBASE RPLCMNT,RSD CWP OBSOLETE IT SYS RPLMNT,"Crippen, Mike",Administrative,,,,,,,,,,,,,,,,,
PLANNING,1137364,RSD WSDE HWY SW DEGRADATN,RSD CWP QUICK RESPONSE,"Posey, Norton",Roadside,,,,,,,,,,,,,,,,,
HOLD,1137577,RSD 304 ST HAUL RD MITGN,RSD CWP QUICK RESPONSE,"Daggs, Victor",Roadside,,,,,,,,,,,,,,,,,
IMPLEMENT,1137584,RSD MIDDLE FORK RD RPR,RSD CWP QUICK RESPONSE,"Cassidy, Jon",Roadside,,,,,,,,,,,,,,,,,
IMPLEMENT,1137752,RSD FLMNG GYSR BRG 3024 PNTG,RSD CWP BRIDGE PRIORITY MAINT,"Martin, TingTing",Bridges & Structures,,,,,,3/4/2020,7/10/2020,10/7/2020,,,,,,3/4/2020,7/10/2020,10/7/2020,
CLOSEOUT,1137860,RSD 2019 DVD PWLL RD RPR 36621,RSD CWP QUICK RESPONSE,"Lyou, John",Roadside,,,,,,,,,,,,,,,,,
IMPLEMENT,1137862,RSD 2020 HGH FRCTN SFC TRTMT,RSD CWP HIGH COLLISION SAFETY,"Linders, Jon",Traffic Control,1/23/2020,1/23/2020,9/22/2020,7/9/2020,9/1/2020,10/13/2020,8/26/2021,7/11/2022,1/23/2020,1/23/2020,9/22/2020,7/9/2020,9/1/2020,10/13/2020,8/23/2021,6/10/2022,96.11%
IMPLEMENT,1137996,RSD 2020 CNTYWDE PAVE PRES,RSD CWP ROADWAY PRESERVATION,"Daggs, Victor",Roadway,,,3/26/2020,1/14/2020,2/3/2020,2/24/2020,6/10/2020,2/23/2021,,,3/26/2020,1/14/2020,2/3/2020,2/24/2020,6/10/2020,2/23/2021,-39.60%
DESIGN,1138330,RSD CVGTN SWYR SGHTLN IMPR,RSD CWP HIGH COLLISION SAFETY,"Wang, Jun",Traffic Control,,9/27/2021,1/28/2022,12/15/2021,3/29/2022,6/22/2022,5/28/2023,6/30/2023,,6/8/2021,,11/30/2021,,,2/28/2023,6/30/2023,
HOLD,1138337,RSD FC FSH HTCHRY BRG 61B RPR,RSD CWP FLOOD CONTROL DISTRICT,"Roark, Ben",Drainage,,,,2/3/2021,,,,11/4/2021,,,,2/3/2021,,,,11/4/2021,
DESIGN,1138339,RSD FC S 106 ST DRAINAGE IMPRV,RSD CWP FLOOD CONTROL DISTRICT,"Quach, Dieu",Drainage,3/31/2021,12/31/2021,1/31/2022,12/27/2019,4/24/2020,5/25/2021,8/1/2022,9/15/2022,3/31/2021,7/30/2021,7/30/2021,12/27/2019,4/24/2020,5/25/2021,7/5/2021,8/13/2021,
IMPLEMENT,1138763,RSD 2019-20 GUARDRAL PRSRVTN 2,RSD CWP GUARDRAIL PRESERVATION,"Mott, Linda",Roadside,1/22/2019,,7/1/2019,9/11/2019,,,8/26/2020,12/4/2020,1/22/2019,,7/1/2019,9/11/2019,,,8/26/2020,12/4/2020,
PREDESIGN,1138913,RSD BOISE X BRDG #3055A REPL,,"Jin, Henry",Bridges & Structures,5/7/2020,12/8/2021,5/20/2022,4/5/2022,9/15/2022,3/23/2023,2/15/2024,10/31/2024,5/7/2020,7/29/2021,11/11/2021,11/11/2021,3/4/2022,6/20/2022,5/10/2023,9/28/2023,
DESIGN,1138914,RSD FIFTN MILE CRK#493C B REP,,"Jose, Jessy",Bridges & Structures,5/1/2020,8/26/2020,9/7/2021,6/15/2021,6/15/2021,9/23/2021,1/16/2023,9/29/2023,5/1/2020,8/26/2020,9/21/2021,6/15/2021,6/15/2021,10/17/2021,1/16/2023,9/29/2023,0.00%
PREDESIGN,1138918,RSD 16TH AVE PED IMPRVMNTS,,"Mott, Linda",Roadside,9/1/2020,,2/18/2022,4/15/2022,5/31/2022,8/31/2022,8/1/2023,12/29/2023,9/1/2020,,,6/30/2021,8/31/2021,11/30/2021,11/2/2022,4/28/2023,
PREDESIGN,1138947,RSD 284TH AVE S 46913 CULVERT,RSD CWP CLVRT RPLCMT FISH PASS,"Dulan, Lica",Drainage,5/2/2021,1/31/2022,2/28/2022,2/15/2022,3/15/2022,3/31/2022,7/5/2022,9/1/2022,5/2/2021,9/1/2021,10/1/2021,9/16/2021,,,6/1/2022,9/1/2022,
PLANNING,1139144,RSD SE REINIG RD DRNG IMPR CUL,,,Drainage,,,,,,,,,,,,,,,,,
PREDESIGN,1139145,RSD SE GRN VLLY & 218 AVE INT,,"Linders, Jon",Traffic Control,1/12/2022,8/17/2022,10/26/2022,10/12/2022,3/16/2023,7/5/2023,6/3/2024,9/25/2024,,,,,,,,,
PLANNING,1139146,RSD RAINIER S & LKRDG DR INT,,"Zhen, Haiyan",Roadway,,,,,,,,,,,,,,,,,
IMPLEMENT,1139147,RSD CWP ADA PROGRAM,RSD CWP ADA PROGRAM,"Vander Sluis, John",Roadway,,,,,,,,,,,,,,,,,
CLOSEOUT,1139236,RSD JUDD CK BRG 3184 RECONT,RSD CWP BRIDGE PRIORITY MAINT,"Jose, Jessy",Bridges & Structures,,,,,,,3/26/2021,4/26/2021,,,,,,,3/26/2021,4/26/2021,
PREDESIGN,1139286,RSD CWP BRIDGE LOAD UPGRD SFTY,RSD CWP BRIDGE LOAD UPGRD SFTY,"Jiang, Stephen",Bridges & Structures,4/27/2021,,,,,,,,4/27/2021,,,,,,,,
PREDESIGN,1139716,RSD S LANGSTN RD@125TH DRG IM,RSD CWP DRAINAGE PRESERVATION,"Mitchell, Mark C.",Drainage,1/7/2022,1/10/2022,1/31/2022,1/28/2022,5/20/2022,8/1/2022,2/14/2023,6/15/2023,7/30/2021,7/15/2021,7/30/2021,7/23/2021,8/16/2021,10/15/2021,5/13/2022,11/16/2022,
IMPLEMENT,1139744,RSD 4-CREEK-RANCH 5044 DECK,RSD CWP BRIDGE PRIORITY MAINT,"Roark, Ben",Bridges & Structures,,,,,,,,,,,,,,,,,
NOT SET,1139749,RSD MMS REPLACEMENT,,"Murata, Kathi",Administrative,,,,,,,,,,,,,,,,,
NOT SET,1139810,RSD BEALL RD SW RESTOR CULVERT,,,Drainage,,,,,,,,,,,,,,,,,
PLANNING,1139811,RSD SE384TH DRNG IMPRV CULVERT,,"Lyou, John",Drainage,9/24/2021,2/28/2022,5/20/2022,4/15/2022,,,,,,,,,,,,,
IMPLEMENT,1139815,RSD 356TH DR SE WINTER 2020,RSD CWP QUICK RESPONSE,"Truong, Trinh",Roadside,,,,,,,,12/21/2020,,,,,,,,,
PREDESIGN,1140858,RSD 244TH AVE NE WINTER 2020,RSD CWP QUICK RESPONSE,"Wang, Jun",Roadside,9/1/2020,1/14/2022,2/28/2022,2/25/2022,4/29/2022,7/1/2022,6/23/2023,9/18/2023,,,,,,,,,
PREDESIGN,1140905,RSD 17401 SE 240 ST SE CULVERT,RSD CWP CLVRT RPLCMT FISH PASS,"Dulan, Lica",Drainage,5/1/2021,8/1/2022,10/31/2022,9/30/2022,1/31/2023,4/15/2023,,,5/1/2021,2/28/2022,5/31/2022,5/1/2022,9/1/2022,12/1/2022,,,
PLANNING,1140906,RSD 156TH SE- SE 240TH CULVERT,RSD CWP CLVRT RPLCMT FISH PASS,"Dulan, Lica",Drainage,5/1/2021,2/28/2022,5/31/2022,5/1/2022,8/31/2022,12/1/2022,12/31/2031,,5/1/2021,2/28/2022,5/31/2022,5/1/2022,8/31/2022,12/1/2022,12/31/2031,,
PLANNING,1141001,RSD NETOLT RD RP WINTER2020,RSD CWP QUICK RESPONSE,"Martin, TingTing",Roadside,9/1/2020,1/25/2022,3/31/2022,3/14/2022,,5/13/2022,3/27/2023,6/30/2023,9/1/2020,12/30/2021,3/31/2022,2/28/2022,,5/10/2022,3/27/2023,6/30/2023,
IMPLEMENT,1141044,RSD 2021 CNTYWDE PAVE PRES,RSD CWP ROADWAY PRESERVATION,"Daggs, Victor",Roadway,,,6/21/2021,2/1/2021,,2/26/2021,7/7/2021,5/2/2022,,,6/21/2021,2/1/2021,,2/26/2021,7/6/2021,5/2/2022,0.00%
DESIGN,1141111,RSD 2019-20 GUARDRAL PRSRVTN 3,RSD CWP GUARDRAIL PRESERVATION,"Mott, Linda",Roadside,,,1/14/2022,,11/5/2020,1/21/2021,4/15/2022,7/29/2022,,,,,,,10/19/2021,4/29/2022,
IMPLEMENT,1141250,RSD 21-22 SCHOOL ZONE SAFETY,RSD CWP SCHOOL ZONE SAFETY,"Hafele, Brendan",Traffic Control,3/31/2021,3/26/2021,3/26/2021,,,,,,3/31/2021,3/26/2021,3/26/2021,,,,,,
DESIGN,1141401,RSD ROADWAY LIGHTING 2,RSD CWP TRAFFIC SAFETY,"Mott, Linda",Traffic Control,,,,6/24/2021,8/19/2020,9/15/2020,1/4/2022,4/29/2022,,,,,,,,,
NOT SET,1141464,RSD BRG LD UP SFTY FSBLTY STDY,RSD CWP BRIDGE LOAD UPGRD SFTY,"Jiang, Stephen",Bridges & Structures,,,,,,,,,,,,,,,,,
NOT SET,1141505,RSD 21 BPM RAGNGRVBR1008G RAIL,RSD CWP BRIDGE PRIORITY MAINT,"Roark, Ben",Bridges & Structures,,,,,,,,,,,,,,,,,
NOT SET,1141507,RSD 21 BPM WHITNEYBR2025 OVRLY,RSD CWP BRIDGE PRIORITY MAINT,"Roark, Ben",Bridges & Structures,,,,,,,,,,,,,,,,,
NOT SET,1141509,RSD 21 BPM CEDAR RIVER BRIDGES,RSD CWP BRIDGE PRIORITY MAINT,"Roark, Ben",Bridges & Structures,,,,,,,,,,,,,,,,,
IMPLEMENT,1141580,RSD 21 HRP AMES LK CARNATION F,RSD CWP ROADWAY PRESERVATION,"Daggs, Victor",Roadway,,,,,,,,,,,,,,,,,
IMPLEMENT,1141581,RSD 21 HRP ALPENTAL ACCESS RD,RSD CWP ROADWAY PRESERVATION,"Daggs, Victor",Roadway,,,,,,,,,,,,,,,,,
DESIGN,1141625,RSD SE KENT-KANGLEY @LANDSBURG,RSD CWP HIGH COLLISION SAFETY,"Linders, Jon",Traffic Control,7/23/2021,8/18/2021,8/31/2021,6/24/2021,9/9/2021,11/18/2021,7/18/2022,9/12/2022,7/12/2021,7/1/2021,7/12/2021,6/24/2021,9/10/2021,11/22/2021,7/18/2022,9/12/2022,0.00%
NOT SET,1142030,RSD CW ADA RAMPS,,,Roadside,,,,,,,,,,,,,,,,,
PLANNING,1142035,RSD ECE CW UKC ADA RAMPS,,"McManus, Aileen",Roadside,,,,,,,,,,,,,,,,,
NOT SET,1142289,RSD 2021 HRP SE 368TH  & 236TH,RSD CWP ROADWAY PRESERVATION,"Mott, Linda",Roadway,,,,,,,,,,,,,,,,,
NOT SET,1142293,RSD 21 BPM ISQH CRK BR 83D RPR,RSD CWP BRIDGE PRIORITY MAINT,"Roark, Ben",Bridges & Structures,,,,,,,,,,,,,,,,,
NOT SET,1142294,RSD 21 BPM BOISE CR B 3052 RPR,RSD CWP BRIDGE PRIORITY MAINT,"Roark, Ben",Bridges & Structures,,,,,,,,,,,,,,,,,
NOT SET,1142384,RSD 21 BPM BR 122L:122K JOINTS,RSD CWP BRIDGE PRIORITY MAINT,"Roark, Ben",Bridges & Structures,,,,,,,,,,,,,,,,,
NOT SET,1142385,RSD 21 BPM BR 920A:BR 3109 APP,RSD CWP BRIDGE PRIORITY MAINT,"Roark, Ben",Bridges & Structures,,,,,,,,,,,,,,,,,
DESIGN,1142478,RSD 218TH AV SE RECONST DRNAGE,RSD CWP DRAINAGE PRESERVATION,"Linders, Jon",Drainage,,,,,,,,,,,,,,,,,
PREDESIGN,1142502,RSD AVONDALE & COTTAGE LK ELEM,RSD CWP TRAFFIC SAFETY,"Hafele, Brendan",Traffic Control,,10/15/2021,12/10/2021,12/3/2021,,,,,,,,,,,,,
NOT SET,1142615,RSD SE LAKE FRANCIS ROAD HAUL,RSD CWP QUICK RESPONSE,,Roadside,,,,,,,,,,,,,,,,,
NOT SET,1142691,RSD 21 BPM SPB MISC REPAIRS,RSD CWP BRIDGE PRIORITY MAINT,"Roark, Ben",Bridges & Structures,,,,,,,,,,,,,,,,,
NOT SET,1142848,RSD 21 BPM GR RVR 3216 DCK RPR,RSD CWP BRIDGE PRIORITY MAINT,,Bridges & Structures,,,,,,,,,,,,,,,,,
NOT SET,1142850,RSD 21 FBLP DUVALL SLOUGH #113,RSD CWP BRIDGE PRIORITY MAINT,"Roark, Ben",Bridges & Structures,,,,,,,,,,,,,,,,,
NOT SET,1142876,RSD 21 BPM 3035A FLOOR BEAM RR,RSD CWP BRIDGE PRIORITY MAINT,"Roark, Ben",Bridges & Structures,,,,,,,,,,,,,,,,,
NOT SET,1142993,RSD 2022 CNTYWDE PAVE PRES,RSD CWP ROADWAY PRESERVATION,"Mott, Linda",Roadway,,,,,,,,,,,,,,,,,
IMPLEMENT,2020-001,DRN DIV DRN,RSD CWP DRAINAGE PRESERVATION,"Shular, Ryan",Drainage,,,,,,,,,,,,,,,,,
IMPLEMENT,2020-002,DRN DIV SHOULDER,RSD CWP DRAINAGE PRESERVATION,"Kosai-Eng, Joann",Drainage,,,,,,,,,,,,,,,,,
PLANNING,2020-003,PAV Pres Sub,RSD CWP ROADWAY PRESERVATION,"Moore, Paul",Roadway,,,,,,,,,,,,,,,,,
PLANNING,2020-004,BRG BPM list,RSD CWP BRIDGE PRIORITY MAINT,"Roark, Ben",Bridges & Structures,,,,,,,,12/31/2020,,,,,,,,,
PLANNING,2020-005,HIGH COLLISION,RSD CWP HIGH COLLISION SAFETY,"Dovey, Dan",Traffic Control,,,,,,,,12/31/2020,,,,,,,,,
PLANNING,2020-006,SCHOOL SAFETY,RSD CWP SCHOOL ZONE SAFETY,"McManus, Aileen",Traffic Control,,,,,,,,12/31/2020,,,,,,,,,
PLANNING,2020-007,TRAFFIC SAFETY,RSD CWP TRAFFIC SAFETY,"Brown, Keith",Traffic Control,,,,,,,,12/31/2020,,,,,,,,,
PLANNING,2021001,RSD AVONDALE RD COTTG LK ELEMT,RSD CWP TRAFFIC SAFETY,"Hafele, Brendan",Traffic Control,,10/15/2021,12/10/2021,12/3/2021,,,,,8/31/2021,9/30/2021,10/15/2021,11/1/2021,,,,,
PLANNING,2021002,RSD 21 HRP PLACEHOLDER,RSD CWP ROADWAY PRESERVATION,"Daggs, Victor",Roadway,,,,,,,,,,,,,,,,,
PLANNING,2021003,RSD 22 HRP PLACEHOLDER,RSD CWP ROADWAY PRESERVATION,"Daggs, Victor",Roadway,,,,,,,,,,,,,,,,,
PLANNING,2021004,RSD 218 AVE RECON PLACEHOLDER,RSD CWP DRAINAGE PRESERVATION,"Quach, Dieu",Drainage,,,,,,,,,,,,,,,,,
DESIGN,2021005,RSD 2022 CNTYWDE PAVE PRES PLACEHOLDER,RSD CWP ROADWAY PRESERVATION,"Mott, Linda",Roadway,,,2/18/2022,,,,,,,,,,,,,,
PLANNING,2021006,RSD 21 GUARDRAIL PRES PLACEHOLDER,RSD CWP GUARDRAIL PRESERVATION,"Mott, Linda",Roadside,,,,,,,,,,,,,,,,,
PLANNING,2021007,RSD 22 GUARDRAIL PRES PLACEHOLDER,RSD CWP GUARDRAIL PRESERVATION,"Mott, Linda",Roadside,,12/23/2021,2/15/2022,1/31/2022,,,,,,,,,,,,,
PLANNING,2021008,RSD BPM 2021 UNALLOCATED,RSD CWP BRIDGE PRIORITY MAINT,"Mitchell, Patricia",Bridges & Structures,,,,,,,,,,,,,,,,,
CLOSEOUT,Test-RSD,Test,,"Siemens, Amara",Roadway,8/17/2020,6/30/2021,7/30/2021,7/15/2021,,,,,,,,,,,,,
